papel,segmento,cotação,ffo,dy,p/vp,valor_mercado,liquidez,num_imoveis,preço_m2,aluguel_m2,cap_rate,tx_vacancia
ABCP11,Shoppings,75.37,0.09,0.08689999999999999,0.82,919803000.0,103432.0,1.0,12898.5,1328.65,0.10300000000000001,0.14429999999999998
AEFI11,Outros,174.9,0.0788,0.0,1.24,353582000.0,0.0,7.0,4058.74,331.87,0.0818,0.0
AFCR11,Híbrido,103.15,0.1142,0.023799999999999998,1.0,186437000.0,0.0,0.0,0.0,0.0,0.0,0.0
AFHI11,Títulos e Val. Mob.,100.83,0.0766,0.1467,1.06,249719000.0,734288.0,0.0,0.0,0.0,0.0,0.0
AFOF11,Títulos e Val. Mob.,91.94,0.10220000000000001,0.1216,0.94,63548200.0,138000.0,0.0,0.0,0.0,0.0,0.0
AGCX11,Outros,1235.5,0.0075,0.0,11.98,14317200000.0,0.0,81.0,99105.7,1014.98,0.0102,0.0
AGRX11,Híbrido,10.31,0.0235,0.0125,0.71,34669700.0,27679.0,0.0,0.0,0.0,0.0,0.0
AIEC11,Lajes Corporativas,79.81,0.1045,0.1082,0.79,385082000.0,490372.0,2.0,16577.9,1990.31,0.1201,0.0
ALMI11,Lajes Corporativas,894.69,0.0064,0.0,0.4,99469000.0,42042.0,1.0,2213.87,145.68,0.0658,0.5892000000000001
ALZR11,Híbrido,117.5,0.0669,0.0674,1.12,741520000.0,1653000.0,13.0,5649.7,413.31,0.0732,0.0
ANCR11B,Shoppings,3500.0,0.0929,0.076,1.03,1578900000.0,0.0,3.0,15297.1,1911.2,0.1249,0.0902
APTO11,Híbrido,9.02,0.0694,0.10550000000000001,0.89,36196000.0,104668.0,5.0,13478.5,442.4,0.032799999999999996,0.0
ARCT11,Híbrido,103.41,0.10369999999999999,0.1679,1.03,383462000.0,1900930.0,9.0,393.6,21.81,0.0554,0.0
ARRI11,Títulos e Val. Mob.,8.96,1.4656,0.17489999999999997,0.1,10557200.0,322767.0,0.0,0.0,0.0,0.0,0.0
ATSA11,Shoppings,84.98,0.0049,0.0006,0.94,148812000.0,864.0,1.0,4398.31,46.43,0.0106,0.2157
BARI11,Títulos e Val. Mob.,97.31,0.1452,0.1506,0.95,450953000.0,1060110.0,1.0,0.0,0.0,0.0,0.0
BBFI11B,Lajes Corporativas,1969.98,0.1745,0.1635,0.68,256097000.0,305314.0,3.0,2822.18,550.13,0.1949,0.0
BBFO11,Títulos e Val. Mob.,77.1,0.1409,0.1151,0.93,308701000.0,213598.0,0.0,0.0,0.0,0.0,0.0
BBGO11,Títulos e Val. Mob.,85.65,0.0556,0.0409,0.87,343042000.0,273756.0,0.0,0.0,0.0,0.0,0.0
BBPO11,Lajes Corporativas,89.99,0.11789999999999999,0.11689999999999999,0.9,1432610000.0,1413310.0,63.0,3663.7,494.26,0.1349,0.0
BBRC11,Outros,104.59,0.1067,0.1067,0.98,166298000.0,82742.0,20.0,10336.9,1444.03,0.13970000000000002,0.0
BBVJ11,Lajes Corporativas,62.99,-0.0075,0.0,0.97,180781000.0,0.0,1.0,7178.25,257.9,0.0359,0.4866
BCFF11,Títulos e Val. Mob.,71.9,0.0935,0.0892,0.93,1810900000.0,2795010.0,0.0,0.0,0.0,0.0,0.0
BCIA11,Títulos e Val. Mob.,90.75,0.1059,0.08990000000000001,0.89,337503000.0,341151.0,0.0,0.0,0.0,0.0,0.0
BCRI11,Títulos e Val. Mob.,104.06,0.12140000000000001,0.1461,0.98,651194000.0,989325.0,0.0,0.0,0.0,0.0,0.0
BICE11,Títulos e Val. Mob.,1000.0,0.1066,0.0877,1.01,21071000.0,0.0,0.0,0.0,0.0,0.0,0.0
BICR11,Títulos e Val. Mob.,102.14,0.087,0.0786,1.02,51070000.0,1463.0,0.0,0.0,0.0,0.0,0.0
BIME11,Híbrido,9.35,0.0753,0.09050000000000001,1.02,54656400.0,170539.0,2.0,1515.52,0.0,0.0,0.0
BLCA11,Lajes Corporativas,91.49,0.033,0.0337,1.04,146384000.0,1146.0,1.0,46185.5,1446.26,0.0313,0.0
BLCP11,Logística,88.98,0.0553,0.062,0.8,204323000.0,206670.0,2.0,2944.54,199.89,0.0679,0.0
BLMC11,Títulos e Val. Mob.,87.0,0.1223,0.1518,0.89,34756500.0,31946.0,0.0,0.0,0.0,0.0,0.0
BLMG11,Outros,84.23,0.0928,0.1175,0.92,320966000.0,479276.0,2.0,792.81,59.65,0.07519999999999999,0.0
BLMO11,Lajes Corporativas,23998.0,-0.0007000000000000001,0.006500000000000001,0.82,91120400.0,24090.0,1.0,14150.8,306.46,0.0217,0.0
BLMR11,Títulos e Val. Mob.,7.58,0.1324,0.11460000000000001,0.96,193606000.0,489824.0,0.0,0.0,0.0,0.0,0.0
BLUR11,Títulos e Val. Mob.,104.26,0.0215,0.0489,1.01,9383400.0,21385.0,0.0,0.0,0.0,0.0,0.0
BMLC11,Híbrido,98.02,0.08310000000000001,0.08439999999999999,0.9,97863700.0,87994.0,2.0,13807300.0,1270990.57,0.09210000000000002,0.0
BNFS11,Outros,123.5,0.1216,0.1273,1.24,86450000.0,100788.0,18.0,7973.98,1184.91,0.14859999999999998,0.0
BPFF11,Outros,67.78,0.126,0.1134,0.89,304490000.0,535487.0,0.0,0.0,0.0,0.0,0.0
BPML11,Shoppings,64.75,0.046,0.0421,0.52,278754000.0,77320.0,4.0,3513670.0,595082.46,0.16940000000000002,0.0594
BPRP11,Outros,99.01,0.1013,0.10279999999999999,0.91,133647000.0,365.0,1.0,5790.28,610.43,0.1054,0.0
BRCO11,Logística,109.2,0.07,0.0697,0.92,1613840000.0,3128610.0,11.0,3594.04,297.05,0.0827,0.0
BRCR11,Híbrido,69.4,0.0849,0.08289999999999999,0.69,1848690000.0,2437160.0,9.0,12115.2,1150.78,0.095,0.1272
BREV11,Híbrido,106.15,0.0591,0.06269999999999999,0.97,102668000.0,128734.0,14.0,17415.0,1257.24,0.0722,0.0
BRIM11,Residencial,1030.22,0.06849999999999999,0.1722,1.04,127888000.0,116.0,4.0,9071.0,0.0,0.0,0.0
BRLA11,Outros,145.87,0.0548,0.07629999999999999,0.92,333254000.0,40709.0,6.0,1093.95,60.31,0.055099999999999996,0.0
BTAL11,Outros,100.0,0.07440000000000001,0.0968,0.94,598274000.0,997136.0,9.0,1643.1,149.25,0.0908,0.0
BTCR11,Títulos e Val. Mob.,94.75,0.106,0.1313,1.0,455757000.0,951493.0,0.0,0.0,0.0,0.0,0.0
BTLG11,Híbrido,104.88,0.037599999999999995,0.0828,1.07,1754530000.0,4564240.0,9.0,4689.6,214.79,0.0458,0.0625
BTRA11,Outros,87.59,0.10859999999999999,0.1148,0.84,294702000.0,593144.0,6.0,4.34,0.43,0.1003,0.0
BTWR11,Lajes Corporativas,105.49,0.0418,0.0408,0.95,85369900.0,2374.0,1.0,4200.49,187.19,0.0446,0.0
BVAR11,Outros,100.01,0.8503000000000001,2.8182,0.1,62560300.0,0.0,64.0,473.72,439.38,0.9275,0.0621
CACR11,Híbrido,101.62,0.1159,0.1591,0.99,183671000.0,267737.0,0.0,0.0,0.0,0.0,0.0
CARE11,Híbrido,3.95,-0.021,0.0021,0.48,141291000.0,53224.0,2.0,5518.91,10.16,0.0018,0.9998999999999999
CBOP11,Lajes Corporativas,60.95,0.1461,0.13720000000000002,0.8,86244200.0,60130.0,1.0,5017.76,410.92,0.0819,0.4732
CCRF11,Títulos e Val. Mob.,98.49,0.0677,0.1318,1.01,154816000.0,10739.0,0.0,0.0,0.0,0.0,0.0
CEOC11,Lajes Corporativas,60.75,0.09390000000000001,0.09380000000000001,0.67,110304000.0,62988.0,1.0,8303.32,930.0,0.11199999999999999,0.0
CNES11,Lajes Corporativas,35.27,0.0377,0.036000000000000004,0.4,104020000.0,13467.0,1.0,1486.81,171.76,0.1155,0.546
CORM11,Híbrido,81.0,0.1359,0.1338,0.91,82402600.0,2208.0,3.0,7566.86,706.47,0.0934,0.0
CPFF11,Títulos e Val. Mob.,73.78,0.0471,0.09880000000000001,0.96,402085000.0,795052.0,0.0,0.0,0.0,0.0,0.0
CPTR11,Títulos e Val. Mob.,105.24,0.0273,0.0322,1.05,109057000.0,114250.0,0.0,0.0,0.0,0.0,0.0
CPTS11,Títulos e Val. Mob.,91.39,0.0086,0.1382,1.02,2904630000.0,7209070.0,0.0,0.0,0.0,0.0,0.0
CRFF11,Títulos e Val. Mob.,72.5,0.0867,0.08539999999999999,0.86,50027900.0,87778.0,0.0,0.0,0.0,0.0,0.0
CTXT11,Lajes Corporativas,12.52,-0.0738,0.0,0.31,36342700.0,2663.0,1.0,778.56,22.93,0.029500000000000002,0.9778
CVBI11,Títulos e Val. Mob.,91.6,0.14550000000000002,0.152,0.92,1008540000.0,2930520.0,0.0,0.0,0.0,0.0,0.0
CXAG11,Outros,80.05,0.0436,0.047599999999999996,0.7,167354000.0,139167.0,32.0,2900.32,148.2,0.051100000000000007,0.0
CXCE11B,Lajes Corporativas,40.79,0.14880000000000002,0.1143,0.63,69871200.0,25453.0,1.0,3289.16,569.86,0.17329999999999998,0.0
CXCI11,Títulos e Val. Mob.,84.97,0.015,0.045599999999999995,0.89,174845000.0,100667.0,0.0,0.0,0.0,0.0,0.0
CXCO11,Lajes Corporativas,77.87,0.1082,0.1045,0.81,305601000.0,209839.0,10.0,3285.33,375.86,0.1144,0.0
CXRI11,Títulos e Val. Mob.,69.09,0.094,0.0897,0.84,108869000.0,17134.0,0.0,0.0,0.0,0.0,0.0
CXTL11,Logística,370.0,-0.0067,0.05,0.53,19830900.0,10930.0,3.0,798.55,78.81,0.0987,0.6515000000000001
DCRA11,Títulos e Val. Mob.,9.79,0.0537,0.0816,1.02,65973900.0,251963.0,0.0,0.0,0.0,0.0,0.0
DEVA11,Títulos e Val. Mob.,96.78,0.0785,0.1617,0.98,1345800000.0,3768780.0,0.0,0.0,0.0,0.0,0.0
DMAC11,Residencial,13.0,-7.585,0.6123,2.61,2029400.0,0.0,0.0,0.0,0.0,0.0,0.0
DOMC11,Híbrido,439.0,-0.0027,0.0,4.05,1072830000.0,0.0,2.0,24558.3,122.54,0.005,0.3825
DOVL11B,Lajes Corporativas,931.32,0.0397,0.0365,0.75,61845200.0,0.0,2.0,3500.44,373.7,0.10679999999999999,0.0
DPRO11,Híbrido,99.99,0.0256,0.013300000000000001,1.02,23647600.0,12533.0,1.0,2786.88,38.5,0.0138,0.0
DRIT11B,Lajes Corporativas,87.12,0.0732,0.0767,0.7,40360700.0,1715.0,6.0,8064.01,786.5,0.0975,0.06269999999999999
DVFF11,Híbrido,78.38,0.058499999999999996,0.1013,0.86,86292500.0,158504.0,0.0,0.0,0.0,0.0,0.0
EDFO11B,Lajes Corporativas,200.0,0.0873,0.091,1.03,47200000.0,5458.0,1.0,132746.0,13291.13,0.1001,0.0
EDGA11,Lajes Corporativas,20.33,0.0723,0.0728,0.31,77499100.0,51306.0,1.0,3079.23,417.64,0.1356,0.4959
EGAF11,Títulos e Val. Mob.,103.55,0.0682,0.08529999999999999,1.08,31231700.0,138499.0,0.0,0.0,0.0,0.0,0.0
ELDO11B,Shoppings,1104.31,0.07730000000000001,0.0296,0.82,869375000.0,0.0,1.0,11422.3,1094.71,0.0958,0.015
EQIN11,Títulos e Val. Mob.,93.5,0.13419999999999999,0.0808,1.01,149773000.0,0.0,0.0,0.0,0.0,0.0,0.0
EQIR11,Títulos e Val. Mob.,95.0,0.0925,0.10210000000000001,0.96,47737500.0,23060.0,0.0,0.0,0.0,0.0,0.0
ERCR11,Híbrido,76000.0,0.0876,0.32549999999999996,1.09,180576000.0,0.0,0.0,0.0,0.0,0.0,0.0
ERPA11,Lajes Corporativas,111.0,0.0001,0.0219,0.96,55602300.0,14637.0,1.0,16418.5,344.18,0.021,0.0
EURO11,Logística,236.5,0.0873,0.0857,0.76,90800900.0,49781.0,7.0,768.79,73.94,0.0962,0.0
EVBI11,Híbrido,97.81,0.08220000000000001,0.09,0.98,136716000.0,102532.0,7.0,7027.04,521.75,0.0742,0.0
EXES11,Títulos e Val. Mob.,103.05,0.03,0.0178,1.02,22200600.0,11461.0,0.0,0.0,0.0,0.0,0.0
FAED11,Outros,152.0,0.1025,0.1063,0.7,97609500.0,92655.0,3.0,2567.68,282.88,0.11019999999999999,0.0
FAMB11B,Lajes Corporativas,786.0,-0.1464,0.0,0.26,82372800.0,17288.0,1.0,1402.33,0.0,0.0,1.0
FATN11,Híbrido,101.39,0.0741,0.09269999999999999,1.0,101390000.0,65195.0,22.0,25874.2,1951.33,0.0754,0.0052
FCFL11,Outros,124.99,0.0767,0.0711,1.19,434217000.0,216432.0,1.0,13994.5,1161.22,0.083,0.0
FEXC11,Títulos e Val. Mob.,87.63,0.12240000000000001,0.1333,0.95,534850000.0,977764.0,0.0,0.0,0.0,0.0,0.0
FFCI11,Lajes Corporativas,182.03,0.0333,0.0,0.93,671817000.0,0.0,9.0,16439.2,821.09,0.0499,0.1469
FGAA11,Híbrido,10.17,0.0131,0.08800000000000001,1.06,346773000.0,1747900.0,0.0,0.0,0.0,0.0,0.0
FIGS11,Shoppings,56.52,0.0759,0.07519999999999999,0.57,161082000.0,185012.0,2.0,2510.94,204.28,0.0814,0.1545
FIIB11,Híbrido,487.57,0.0839,0.0819,1.07,333985000.0,271974.0,11.0,597.64,56.58,0.0947,0.0124
FIIP11B,Híbrido,159.6,0.1017,0.0973,0.86,147975000.0,90967.0,7.0,2083.65,241.64,0.11599999999999999,0.0
FISC11,Lajes Corporativas,165.0,-0.0029,0.0072,1.43,280499000.0,0.0,4.0,19986.5,521.04,0.026099999999999998,0.060700000000000004
FISD11,Títulos e Val. Mob.,203.32,-0.24609999999999999,0.1164,2.63,218079000.0,0.0,1.0,0.0,0.0,0.0,0.0
FIXX11,Títulos e Val. Mob.,85.78,0.0679,0.0,1.35,321608000.0,0.0,0.0,0.0,0.0,0.0,0.0
FLCR11,Títulos e Val. Mob.,97.01,0.1691,0.17329999999999998,0.97,61465900.0,176668.0,0.0,0.0,0.0,0.0,0.0
FLMA11,Híbrido,135.01,0.0626,0.0652,0.86,186404000.0,64854.0,1.0,10661.2,762.78,0.07150000000000001,0.0
FLRP11,Shoppings,1569.0,0.06709999999999999,0.0664,0.91,102349000.0,13413.0,1.0,2360.78,182.93,0.0775,0.027200000000000002
FMOF11,Lajes Corporativas,62.01,0.0001,0.0023,0.51,31501600.0,2624.0,2.0,1868.5,152.76,0.0818,0.3784
FPAB11,Lajes Corporativas,217.76,0.0799,0.0802,0.53,163320000.0,9501.0,2.0,3564.2,415.32,0.1165,0.2675
FPNG11,Lajes Corporativas,62.76,0.11710000000000001,0.106,0.37,64162300.0,86.0,6.0,7163.82,1025.74,0.1432,0.2354
FRBR11,Títulos e Val. Mob.,103.71,0.10859999999999999,0.0,1.03,406517000.0,0.0,0.0,0.0,0.0,0.0,0.0
FTCE11B,Híbrido,2789.92,-0.0495,0.0675,1.0,2611020000.0,8877.0,69.0,2076.47,45.06,0.0217,0.0591
FVBI11,Lajes Corporativas,159.71,0.0,0.0,0.0,0.0,0.0,1.0,0.0,636.95,0.0,0.0
FVPQ11,Shoppings,118.35,0.06509999999999999,0.0689,0.59,331398000.0,170798.0,1.0,5754.51,792.51,0.1377,0.07400000000000001
GALG11,Híbrido,9.7,1.0447,0.1101,0.1,55760700.0,643937.0,6.0,516.6,448.49,0.8682,0.0
GAME11,Outros,9.6,0.0368,0.0719,0.99,197760000.0,276598.0,0.0,0.0,0.0,0.0,0.0
GCFF11,Títulos e Val. Mob.,72.83,0.1127,0.1668,0.86,24660100.0,44998.0,0.0,0.0,0.0,0.0,0.0
GCRA11,Títulos e Val. Mob.,101.4,0.0412,0.1039,1.03,160499000.0,204648.0,0.0,0.0,0.0,0.0,0.0
GCRI11,Títulos e Val. Mob.,95.94,0.1217,0.1573,0.99,111999000.0,157198.0,0.0,0.0,0.0,0.0,0.0
GESE11B,Outros,1520.0,0.0971,0.1027,0.86,79040000.0,0.0,1.0,6195.95,638.4,0.10300000000000001,0.0
GGRC11,Logística,119.0,0.0851,0.0862,0.92,923253000.0,1438090.0,19.0,1127.22,92.64,0.08220000000000001,0.0
GRLV11,Logística,145.5,0.0572,0.0,24.38,156199000.0,0.0,1.0,0.0,183.0,0.0,0.0369
GTLG11,Logística,99.99,0.0557,0.07730000000000001,1.08,717228000.0,341871.0,5.0,4115.78,183.65,0.0446,0.0381
GTWR11,Lajes Corporativas,82.29,0.1054,0.1043,0.84,987480000.0,763290.0,3.0,10991.5,1239.57,0.1128,0.0
GWIR11,Shoppings,175.99,0.027999999999999997,0.0,0.74,67231200.0,0.0,0.0,0.0,0.0,0.0421,0.0
HAAA11,Lajes Corporativas,92.0,0.07200000000000001,0.0711,1.02,317860000.0,966.0,2.0,21667.1,1602.73,0.07400000000000001,0.1693
HABT11,Títulos e Val. Mob.,94.9,0.0736,0.16399999999999998,0.95,771232000.0,1934660.0,0.0,0.0,0.0,0.0,0.0
HBCR11,Outros,111.0,0.21420000000000003,0.0891,1.29,30192000.0,72318.0,4.0,2535.89,399.98,0.1577,0.0
HBRH11,Híbrido,92.0,0.0993,0.0986,0.81,255043000.0,190462.0,5.0,8467.51,832.89,0.0984,0.028300000000000002
HBTT11,Títulos e Val. Mob.,1055.0,0.0653,0.0,1.19,190126000.0,0.0,0.0,0.0,0.0,0.0,0.0
HCHG11,Outros,84.7,0.057800000000000004,0.1151,0.81,101640000.0,84690.0,0.0,0.0,0.0,0.0,0.0
HCRI11,Hospital,246.0,0.1101,0.0989,0.82,49200000.0,63814.0,1.0,8920.7,1236.7,0.1386,0.0
HCTR11,Títulos e Val. Mob.,106.5,0.0815,0.168,0.88,2351970000.0,7165150.0,0.0,0.0,0.0,0.0,0.0
HFOF11,Títulos e Val. Mob.,75.99,0.1107,0.09449999999999999,0.92,1747770000.0,1131280.0,0.0,0.0,0.0,0.0,0.0
HGAG11,Outros,103.5,-0.0085,0.0031,1.02,25694100.0,31306.0,0.0,0.0,0.0,0.0,0.0
HGBS11,Shoppings,211.61,0.06280000000000001,0.06480000000000001,0.98,2116100000.0,2047500.0,12.0,4036.56,263.37,0.0652,0.0516
HGCR11,Títulos e Val. Mob.,103.99,0.09519999999999999,0.1229,1.02,1525220000.0,3645920.0,0.0,0.0,0.0,0.0,0.0
HGFF11,Títulos e Val. Mob.,78.89,0.09449999999999999,0.0895,0.9,225909000.0,516526.0,0.0,0.0,0.0,0.0,0.0
HGIC11,Títulos e Val. Mob.,108.58,0.0757,0.11460000000000001,0.92,31313800.0,316262.0,0.0,0.0,0.0,0.0,0.0
HGJH11,Lajes Corporativas,191.29,0.0839,0.0,0.71,335342000.0,0.0,2.0,26367.5,2366.36,0.0897,0.0404
HGLG11,Logística,168.51,0.0688,0.094,1.15,3952680000.0,5403170.0,20.0,2766.33,207.24,0.07490000000000001,0.0705
HGPO11,Lajes Corporativas,262.01,0.061200000000000004,0.062400000000000004,0.98,459318000.0,451309.0,2.0,36115.6,2366.36,0.0655,0.0404
HGRE11,Lajes Corporativas,141.44,0.0504,0.0755,0.87,1671510000.0,2428170.0,19.0,8315.46,536.64,0.0645,0.2475
HGRU11,Híbrido,128.25,0.0713,0.0754,1.08,2360630000.0,4113890.0,84.0,4499.27,353.92,0.0787,0.0
HLOG11,Logística,95.2,0.08439999999999999,0.0805,0.86,404600000.0,77647.0,4.0,9268.15,788.79,0.0851,0.0605
HMOC11,Shoppings,226.95,0.0217,0.0,0.95,86698800.0,0.0,0.0,0.0,0.0,0.0327,0.0
HOSI11,Híbrido,64.5,0.068,0.0858,0.7,36987500.0,13259.0,0.0,0.0,0.0,0.0,0.0
HPDP11,Shoppings,83.59,0.062400000000000004,0.0625,0.88,243148000.0,5260.0,1.0,1893.59,130.73,0.069,0.0207
HRDF11,Híbrido,1.04,-0.0159,0.0,0.91,7890610.0,1386.0,0.0,0.0,0.0,0.0,0.0
HREC11,Títulos e Val. Mob.,97.19,0.095,0.1207,1.07,452584000.0,16236.0,0.0,0.0,0.0,0.0,0.0
HSAF11,Títulos e Val. Mob.,85.1,0.0984,0.1517,0.9,150935000.0,379700.0,0.0,0.0,0.0,0.0,0.0
HSLG11,Logística,96.5,0.069,0.07719999999999999,0.92,1221700000.0,634106.0,4.0,2846.2,238.66,0.0839,0.0049
HSML11,Shoppings,92.23,0.0757,0.0755,0.93,1455450000.0,2891260.0,6.0,8948.38,523.09,0.058499999999999996,0.0513
HSRE11,Híbrido,101.0,0.0679,0.0705,1.05,860324000.0,1163200.0,27.0,8400.96,668.94,0.0796,0.0
HTMX11,Hotel,115.89,0.0069,0.0074,0.88,145676000.0,294234.0,24.0,59.34,1.26,0.0212,0.0
HUCG11,Hospital,102.77,0.0149,0.0313,1.01,115308000.0,1010.0,2.0,1097.23,0.0,0.0,0.0
HUSC11,Outros,107.01,0.08439999999999999,0.0832,0.75,85031500.0,7591.0,1.0,1150.73,130.78,0.11359999999999999,0.0
HUSI11,Hospital,1071.0,0.0001,0.0137,1.08,124624000.0,22815.0,1.0,6121.99,7.92,0.0013,0.0
IBCR11,Títulos e Val. Mob.,91.87,0.1207,0.18230000000000002,0.97,88050300.0,264665.0,0.0,0.0,0.0,0.0,0.0
IBFF11,Títulos e Val. Mob.,66.4,0.0828,0.08199999999999999,0.93,44267600.0,106955.0,0.0,0.0,0.0,0.0,0.0
IDFI11,Híbrido,69.84,0.0045000000000000005,0.6803,0.96,143725000.0,17182.0,111.0,0.0,0.0,0.0,0.0
IDGR11,Híbrido,99.76,0.0562,0.2857,1.14,88123900.0,0.0,1.0,0.0,0.0,0.0,0.0
IFID11,Títulos e Val. Mob.,80.06,0.17550000000000002,0.0446,0.93,59897000.0,0.0,0.0,0.0,0.0,0.0,0.0
IFIE11,Títulos e Val. Mob.,71.98,0.1114,0.028399999999999998,0.93,64817600.0,0.0,0.0,0.0,0.0,0.0,0.0
IRDM11,Títulos e Val. Mob.,103.5,0.1007,0.1407,1.09,3420110000.0,6960970.0,0.0,0.0,0.0,0.0,0.0
IRIM11,Híbrido,106.86,0.0933,0.1472,1.09,205171000.0,206773.0,0.0,0.0,0.0,0.0,0.0
ITIP11,Títulos e Val. Mob.,83.42,0.1685,0.0942,0.97,62410800.0,108194.0,0.0,0.0,0.0,0.0,0.0
ITIT11,Títulos e Val. Mob.,75.3,0.1065,0.0582,0.97,67807200.0,94966.0,0.0,0.0,0.0,0.0,0.0
JASC11,Outros,100.0,-0.0028000000000000004,0.008199999999999999,0.86,182029000.0,35871.0,2.0,1633.47,0.0,0.0,0.0
JBFO11,Títulos e Val. Mob.,86.69,0.0764,0.0774,1.02,110883000.0,537.0,0.0,0.0,0.0,0.0,0.0
JFLL11,Residencial,73.64,0.1562,0.10039999999999999,0.73,110504000.0,147236.0,2.0,7456.96,1250.91,0.1678,0.39049999999999996
JGPX11,Híbrido,98.33,0.0436,0.058600000000000006,1.03,83393400.0,121678.0,0.0,0.0,0.0,0.0,0.0
JPPA11,Híbrido,106.67,0.1013,0.1679,1.06,64424800.0,608720.0,0.0,0.0,0.0,0.0,0.0
JPPC11,Híbrido,199.99,0.3503,0.09140000000000001,0.54,10999400.0,5.0,0.0,0.0,0.0,0.0,0.0
JRDM11,Shoppings,85.95,0.0632,0.0681,0.98,216849000.0,169802.0,1.0,7326.25,642.66,0.0877,0.0319
JSAF11,Títulos e Val. Mob.,88.83,0.0521,0.0518,0.92,139734000.0,349429.0,0.0,0.0,0.0,0.0,0.0
JSRE11,Híbrido,84.0,0.0692,0.0723,0.74,1744460000.0,3123470.0,6.0,14730.6,1184.71,0.08039999999999999,0.1492
KCRE11,Títulos e Val. Mob.,92.8,0.0072,0.0409,0.95,334080000.0,297045.0,0.0,0.0,0.0,0.0,0.0
KEVE11,Residencial,1045.0,0.011200000000000002,0.07150000000000001,1.08,154348000.0,21688.0,0.0,0.0,0.0,0.0,0.0
KFOF11,Títulos e Val. Mob.,87.49,0.0882,0.08689999999999999,0.95,396620000.0,809214.0,0.0,0.0,0.0,0.0,0.0
KINP11,Residencial,14.46,-0.009000000000000001,0.3654,2.41,103359000.0,71608.0,1.0,0.0,0.0,0.0,0.0
KISU11,Títulos e Val. Mob.,8.28,0.1026,0.0987,0.94,365943000.0,992865.0,0.0,0.0,0.0,0.0,0.0
KIVO11,Títulos e Val. Mob.,103.0,0.066,0.0675,1.03,36884300.0,19833.0,0.0,0.0,0.0,0.0,0.0
KNCA11,Títulos e Val. Mob.,107.0,0.0451,0.0601,1.06,866691000.0,1375920.0,0.0,0.0,0.0,0.0,0.0
KNCR11,Títulos e Val. Mob.,101.99,0.0662,0.10460000000000001,1.01,4473410000.0,9212230.0,0.0,0.0,0.0,0.0,0.0
KNHY11,Títulos e Val. Mob.,96.6,0.069,0.1586,1.0,1786220000.0,2612020.0,0.0,0.0,0.0,0.0,0.0
KNIP11,Títulos e Val. Mob.,91.84,0.0621,0.1707,0.97,7372880000.0,11186600.0,0.0,0.0,0.0,0.0,0.0
KNRE11,Residencial,0.93,0.046,0.49090000000000006,0.81,17248900.0,5676.0,1.0,0.0,0.0,0.0,0.0
KNRI11,Híbrido,152.4,0.065,0.0649,0.95,3681550000.0,3694570.0,20.0,4579.83,304.43,0.0665,0.0014000000000000002
KNSC11,Títulos e Val. Mob.,85.6,0.0558,0.1744,0.97,1136410000.0,4300430.0,0.0,0.0,0.0,0.0,0.0
LASC11,Shoppings,91.99,0.0683,0.0787,0.82,231649000.0,73072.0,2.0,3391.64,168.1,0.0496,0.0268
LATR11B,Residencial,15.95,-0.1206,0.7994,1.45,1979460.0,8.0,0.0,0.0,0.0,0.0,0.0
LFTT11,Residencial,92.88,0.0013,0.1023,1.76,678446000.0,70503.0,426.0,14909.7,2.05,0.0001,0.0
LGCP11,Logística,86.22,0.1232,0.0819,0.84,235627000.0,532272.0,5.0,2898.99,369.03,0.1273,0.0
LOFT11B,Residencial,29.9,-0.11800000000000001,0.0,0.85,58678800.0,0.0,47.0,8110.36,19.38,0.0024,0.0
LSAG11,Títulos e Val. Mob.,105.0,0.0282,0.058899999999999994,1.04,59171400.0,123061.0,0.0,0.0,0.0,0.0,0.0
LSPA11,Outros,107.3,0.1192,0.0215,1.0,43402800.0,0.0,0.0,0.0,0.0,0.0,0.0
LUGG11,Residencial,78.55,0.12890000000000001,0.0827,0.61,70695000.0,51728.0,4.0,3193.34,536.94,0.1681,0.0054
LVBI11,Logística,113.0,0.075,0.0754,0.98,1330590000.0,1913660.0,9.0,3350.7,271.01,0.0809,0.0052
MALL11,Shoppings,108.3,0.12689999999999999,0.0765,1.01,818786000.0,1459820.0,8.0,4175.03,451.01,0.10800000000000001,0.04190000000000001
MANA11,Títulos e Val. Mob.,10.3,0.0039000000000000003,0.0115,1.06,121231000.0,126606.0,0.0,0.0,0.0,0.0,0.0
MATV11,Títulos e Val. Mob.,95.99,0.0655,0.1234,1.02,40888700.0,6063.0,0.0,0.0,0.0,0.0,0.0
MAXR11,Híbrido,85.03,0.08650000000000001,0.09050000000000001,0.71,95714400.0,135935.0,10.0,1295.5,129.57,0.1,0.0
MBRF11,Outros,678.0,0.16329999999999997,0.1648,0.61,68928200.0,111195.0,2.0,3816.56,686.86,0.18,0.0
MCCI11,Títulos e Val. Mob.,98.11,0.1184,0.124,1.04,1431830000.0,3351150.0,0.0,0.0,0.0,0.0,0.0
MCHF11,Títulos e Val. Mob.,9.87,0.0825,0.1331,1.03,318876000.0,1201870.0,0.0,0.0,0.0,0.0,0.0
MCHY11,Títulos e Val. Mob.,108.87,0.1477,0.1322,1.06,390818000.0,1212940.0,0.0,0.0,0.0,0.0,0.0
MFAI11,Híbrido,66.34,0.0971,0.129,0.9,20516800.0,36621.0,0.0,0.0,0.0,0.0,0.0
MFII11,Híbrido,96.0,0.121,0.1436,0.96,398102000.0,350956.0,4.0,110.99,0.0,0.0,0.0
MGCR11,Títulos e Val. Mob.,91.07,0.1075,0.1328,1.01,129529000.0,237816.0,0.0,0.0,0.0,0.0,0.0
MGFF11,Títulos e Val. Mob.,66.62,0.0824,0.0983,0.91,602952000.0,1116410.0,0.0,0.0,0.0,0.0,0.0
MGHT11,Híbrido,72.96,0.09050000000000001,0.1245,0.85,95853700.0,106140.0,1.0,8629.36,801.31,0.0929,0.0
MGIM11,Híbrido,101.5,-0.023799999999999998,0.11939999999999999,1.03,25101000.0,0.0,0.0,0.0,0.0,0.0,0.0
MGLG11,Logística,44.6,0.0883,0.1284,1.14,84212600.0,132985.0,2.0,0.0,202.87,0.0,0.0
MORC11,Títulos e Val. Mob.,95.5,0.0821,0.1266,0.97,123380000.0,297186.0,0.0,0.0,0.0,0.0,0.0
MORE11,Títulos e Val. Mob.,76.76,0.09630000000000001,0.1084,0.91,178015000.0,595127.0,0.0,0.0,0.0,0.0,0.0
MXRF11,Híbrido,10.17,0.09119999999999999,0.11380000000000001,1.01,2298820000.0,6790020.0,3.0,9103.61,0.0,0.0,0.0
NAVT11,Títulos e Val. Mob.,79.0,0.09789999999999999,0.10980000000000001,0.89,83306100.0,136270.0,0.0,0.0,0.0,0.0,0.0
NCHB11,Títulos e Val. Mob.,92.62,0.1355,0.0907,1.0,148363000.0,564130.0,0.0,0.0,0.0,0.0,0.0
NCRA11,Títulos e Val. Mob.,95.12,0.0326,0.0649,1.01,38213800.0,160344.0,0.0,0.0,0.0,0.0,0.0
NEWL11,Híbrido,101.98,0.2009,0.1072,0.79,207335000.0,220470.0,3.0,2647.01,420.1,0.15869999999999998,0.0
NEWU11,Híbrido,33.33,-0.061799999999999994,0.0,0.52,24730900.0,11811.0,3.0,1836.68,219.58,0.11960000000000001,0.632
NPAR11,Outros,12.82,2.1332,0.0,0.7,1533140.0,0.0,0.0,0.0,0.0,0.0,0.0
NSLU11,Hospital,174.67,0.056799999999999996,0.07150000000000001,0.9,225898000.0,294430.0,1.0,9419.5,1054.42,0.1119,0.0
NVHO11,Hospital,10.21,0.1379,0.0852,0.8,423659000.0,3916.0,4.0,13833.8,1964.29,0.142,0.0
OIAG11,Híbrido,9.78,0.0125,0.0346,1.0,40742400.0,37575.0,0.0,0.0,0.0,0.0,0.0
ONEF11,Lajes Corporativas,171.28,0.0583,0.06,0.98,156036000.0,357753.0,1.0,25516.5,1665.14,0.0653,0.0
ORPD11,Títulos e Val. Mob.,93.0,-0.0,0.0,0.62,26970000.0,0.0,0.0,0.0,0.0,0.0,0.0
OUCY11,Híbrido,88.5,0.1501,0.0,0.96,95322200.0,0.0,6.0,2460.76,273.64,0.1112,0.0
OUFF11,Títulos e Val. Mob.,66.96,0.1459,0.1226,0.87,121488000.0,281503.0,0.0,0.0,0.0,0.0,0.0
OUJP11,Híbrido,96.11,0.1409,0.14550000000000002,0.95,312587000.0,703896.0,0.0,0.0,0.0,0.0,0.0
OULG11,Logística,46.89,0.1133,0.0673,0.64,116347000.0,111054.0,2.0,1217.4,190.45,0.1564,0.0
OURE11,Híbrido,83.1,0.1598,0.1432,0.9,89505900.0,144084.0,6.0,2310.61,273.64,0.1184,0.0
PATC11,Lajes Corporativas,71.75,0.0508,0.058499999999999996,0.83,249506000.0,271407.0,7.0,15536.0,1014.35,0.0653,0.2188
PATL11,Logística,80.57,0.08349999999999999,0.09230000000000001,0.82,402168000.0,1122490.0,4.0,2582.19,249.78,0.0967,0.0
PDDA11B,Logística,106.5,0.0499,0.0,1.46,264257000.0,0.0,2.0,2765.04,190.45,0.0689,0.0
PEMA11,Títulos e Val. Mob.,63.0,0.18969999999999998,0.2602,0.81,34776000.0,6545.0,0.0,0.0,0.0,0.0,0.0
PLCA11,Títulos e Val. Mob.,99.98,0.0,0.0089,1.04,55690800.0,20384.0,0.0,0.0,0.0,0.0,0.0
PLCR11,Híbrido,85.81,0.1868,0.1478,0.93,180988000.0,383880.0,0.0,0.0,0.0,0.0,0.0
PLOG11,Logística,78.0,0.1745,0.1143,0.78,58500000.0,161745.0,1.0,793.99,158.44,0.1996,0.0
PLRI11,Títulos e Val. Mob.,27.0,-0.0319,0.5125,0.77,25766200.0,5605.0,0.0,0.0,0.0,0.0,0.0
PORD11,Títulos e Val. Mob.,96.5,0.1358,0.15130000000000002,0.98,359788000.0,890600.0,0.0,0.0,0.0,0.0,0.0
PQAG11,Logística,55.99,0.08380000000000001,0.08439999999999999,0.98,783406000.0,5588.0,1.0,12433.1,1041.64,0.08380000000000001,0.0
PQDP11,Shoppings,2280.98,0.0766,0.0766,0.69,560010000.0,177621.0,1.0,78650.9,8092.74,0.10289999999999999,0.0
PRSN11B,Residencial,0.88,-0.0897,0.0821,0.73,11374000.0,468.0,2.0,19011.9,0.0,0.0,0.0
PRSV11,Lajes Corporativas,113.5,0.0644,0.0,0.47,22132500.0,5229.0,1.0,1979.06,356.21,0.18,0.409
PURB11,Híbrido,95.1,0.0808,0.025099999999999997,0.92,98603700.0,16072.0,2.0,19798.9,1831.23,0.0925,0.0
PVBI11,Lajes Corporativas,97.79,0.068,0.0626,0.99,981762000.0,3365350.0,4.0,11007.7,756.5,0.0687,0.0
QAGR11,Outros,46.97,0.0993,0.09880000000000001,0.84,236729000.0,325789.0,12.0,2789.55,312.54,0.11199999999999999,0.0
QAMI11,Híbrido,86.53,0.2664,0.174,0.94,69345000.0,57013.0,0.0,0.0,0.0,0.0,0.0
QIFF11,Títulos e Val. Mob.,97.49,0.07629999999999999,0.0,1.15,14623500.0,0.0,0.0,0.0,0.0,0.0,0.0
QIRI11,Títulos e Val. Mob.,79.0,0.0942,0.0971,0.93,11850000.0,2064.0,0.0,0.0,0.0,0.0,0.0
QMFF11,Títulos e Val. Mob.,98.52,0.0755,0.0,1.16,14778000.0,0.0,0.0,0.0,0.0,0.0,0.0
RBBV11,Títulos e Val. Mob.,100.0,0.06509999999999999,0.0,0.99,125416000.0,0.0,0.0,0.0,0.0,0.0,0.0
RBCO11,Lajes Corporativas,41.9,0.1294,0.10300000000000001,0.49,158340000.0,208356.0,4.0,3597.51,614.84,0.1709,0.0
RBDS11,Residencial,3.72,-0.8575,0.0,0.17,470666.0,614.0,0.0,0.0,0.0,0.0,0.0
RBED11,Outros,134.9,0.10220000000000001,0.099,0.96,272717000.0,176089.0,7.0,3130.5,331.87,0.106,0.0
RBFF11,Títulos e Val. Mob.,57.57,0.1011,0.09960000000000001,0.91,215842000.0,1388660.0,0.0,0.0,0.0,0.0,0.0
RBGS11,Shoppings,28.45,0.033,0.021,0.31,30669100.0,0.0,1.0,1051.57,52.68,0.0501,0.11939999999999999
RBHG11,Títulos e Val. Mob.,87.6,0.10869999999999999,0.1589,0.92,151336000.0,346003.0,0.0,0.0,0.0,0.0,0.0
RBHY11,Títulos e Val. Mob.,95.9,0.1007,0.1745,0.99,181587000.0,175492.0,0.0,0.0,0.0,0.0,0.0
RBIR11,Residencial,69.34,-0.023,0.0034000000000000002,0.72,105994000.0,64121.0,0.0,0.0,0.0,0.0,0.0
RBIV11,Títulos e Val. Mob.,83.7,0.11380000000000001,0.0,0.88,144599000.0,0.0,0.0,0.0,0.0,0.0,0.0
RBLG11,Logística,93.5,0.11320000000000001,0.10210000000000001,0.91,59858600.0,771.0,1.0,324.3,25.4,0.0783,0.0
RBRD11,Híbrido,39.38,0.07629999999999999,0.1016,0.57,72923300.0,54641.0,4.0,2595.36,262.48,0.1011,0.2796
RBRF11,Títulos e Val. Mob.,75.4,0.08869999999999999,0.0962,0.91,1031530000.0,2439770.0,0.0,0.0,0.0,0.0,0.0
RBRI11,Híbrido,950.0,0.0795,0.0,0.76,110086000.0,179759.0,0.0,0.0,0.0,0.0,0.0
RBRL11,Logística,96.0,0.0667,0.0855,0.89,641955000.0,507367.0,6.0,1921.47,162.85,0.0848,0.0
RBRM11,Títulos e Val. Mob.,160000.0,0.5827,0.7229000000000001,3.4,86240000.0,0.0,0.0,0.0,0.0,0.0,0.0
RBRP11,Outros,61.19,0.0859,0.0886,0.74,745244000.0,1613770.0,10.0,10524.0,1025.09,0.0974,0.0
RBRR11,Títulos e Val. Mob.,96.59,0.10210000000000001,0.13,1.01,1298060000.0,4270350.0,0.0,0.0,0.0,0.0,0.0
RBRS11,Híbrido,67.0,0.0676,0.0782,0.74,108504000.0,25326.0,3.0,10052.2,661.68,0.0658,0.0254
RBRX11,Títulos e Val. Mob.,97.1,0.0381,0.0,1.03,182615000.0,51179.0,0.0,0.0,0.0,0.0,0.0
RBRY11,Títulos e Val. Mob.,103.96,0.1084,0.13269999999999998,1.03,407497000.0,1249920.0,0.0,0.0,0.0,0.0,0.0
RBTS11,Outros,1000.0,-0.020499999999999997,0.0605,0.85,56525000.0,0.0,0.0,0.0,0.0,0.0,0.0
RBVA11,Outros,97.39,0.09539999999999998,0.1158,0.94,1128570000.0,711458.0,81.0,7812.14,1014.98,0.12990000000000002,0.0
RBVO11,,10.99,0.048499999999999995,0.1938,0.63,5668910.0,6760.0,0.0,0.0,0.0,0.0,0.0
RCFF11,Títulos e Val. Mob.,92.01,0.028399999999999998,0.0276,0.99,29737600.0,2776.0,0.0,0.0,0.0,0.0,0.0
RCRB11,Lajes Corporativas,138.78,0.0436,0.061500000000000006,0.71,512195000.0,760510.0,9.0,12533.3,821.09,0.0655,0.1469
RCRI11B,Híbrido,1200.0,0.043899999999999995,0.0,1.16,61214400.0,0.0,0.0,0.0,0.0,0.0,0.0
RDES11,Híbrido,58.0,-0.0355,0.0,0.9,43036000.0,0.0,3.0,3196.14,219.58,0.0687,0.632
RDPD11,Títulos e Val. Mob.,51.21,0.242,0.1635,0.92,55206500.0,25201.0,0.0,0.0,0.0,0.0,0.0
RECR11,Títulos e Val. Mob.,91.8,0.1421,0.1568,0.96,2427340000.0,5085390.0,0.0,0.0,0.0,0.0,0.0
RECT11,Híbrido,61.98,0.08689999999999999,0.09910000000000001,0.66,529526000.0,682858.0,9.0,6778.61,605.66,0.08929999999999999,0.1105
RECX11,Títulos e Val. Mob.,78.47,0.12050000000000001,0.1303,0.94,17131000.0,12273.0,0.0,0.0,0.0,0.0,0.0
REIT11,Títulos e Val. Mob.,479.86,-0.0052,0.6618,1.0,12616000.0,130.0,0.0,0.0,0.0,0.0,0.0
RELG11,Híbrido,87.95,0.1032,0.11109999999999999,0.74,117375000.0,223802.0,5.0,1666.47,160.43,0.09630000000000001,0.0268
RFOF11,Títulos e Val. Mob.,75.49,0.09519999999999999,0.10339999999999999,0.93,81390600.0,152623.0,0.0,0.0,0.0,0.0,0.0
RMAI11,Híbrido,42.6,-0.0274,0.08439999999999999,0.39,104106000.0,27140.0,2.0,2383.11,122.54,0.051399999999999994,0.3825
RNDP11,Títulos e Val. Mob.,304.98,-0.018000000000000002,0.2566,0.79,32779600.0,9589.0,0.0,0.0,0.0,0.0,0.0
RNGO11,Lajes Corporativas,53.15,0.0848,0.0842,0.61,142229000.0,121280.0,4.0,2591.71,272.05,0.105,0.1595
ROOF11,Outros,830.0,-0.0774,0.0584,0.97,64320800.0,8056.0,113.0,80.15,0.27,0.0033,0.0
RPRI11,Títulos e Val. Mob.,97.0,0.0151,0.0127,0.96,217450000.0,77102.0,0.0,0.0,0.0,0.0,0.0
RRCI11,Títulos e Val. Mob.,84.01,0.1243,0.1606,0.87,40472400.0,119732.0,0.0,0.0,0.0,0.0,0.0
RSPD11,Residencial,1125.0,0.0091,0.0213,1.0,167637000.0,0.0,0.0,0.0,0.0,0.0,0.0
RURA11,Títulos e Val. Mob.,10.5,0.031400000000000004,0.0443,1.05,629995000.0,575002.0,0.0,0.0,0.0,0.0,0.0
RVBI11,Títulos e Val. Mob.,81.2,0.1076,0.1108,0.94,116928000.0,279190.0,0.0,0.0,0.0,0.0,0.0
RZAG11,Títulos e Val. Mob.,10.37,0.09910000000000001,0.062,1.09,314668000.0,1170170.0,0.0,0.0,0.0,0.0,0.0
RZAK11,Títulos e Val. Mob.,101.4,0.0917,0.1487,1.07,345079000.0,1459450.0,0.0,0.0,0.0,0.0,0.0
RZTR11,Híbrido,106.39,0.11359999999999999,0.1336,1.08,1175400000.0,2880000.0,15.0,2.22,0.32,0.1445,0.0
SADI11,Títulos e Val. Mob.,90.19,0.0949,0.1103,0.89,286823000.0,542852.0,0.0,0.0,0.0,0.0,0.0
SAIC11B,Lajes Corporativas,37.98,-0.0187,0.0,0.69,54301500.0,80.0,1.0,4705.38,0.0,0.0,1.0
SARE11,Híbrido,76.38,0.1012,0.0983,0.78,705318000.0,1266560.0,3.0,2779.55,223.45,0.08039999999999999,0.0
SCPF11,Shoppings,6.83,0.0404,0.035699999999999996,0.55,28686000.0,5486.0,1.0,5878.03,787.58,0.134,0.2707
SDIL11,Logística,97.3,0.0901,0.0925,0.98,622238000.0,996875.0,5.0,1720.65,205.2,0.1193,0.0196
SDIP11,Lajes Corporativas,88.0,0.0664,0.0,0.98,371533000.0,0.0,5.0,11522.8,814.37,0.0707,0.08349999999999999
SEED11,Híbrido,100.0,0.0716,0.059800000000000006,0.97,164000000.0,69718.0,0.0,0.0,0.0,0.0,0.0
SEQR11,Outros,66.3,0.11,0.1149,0.69,106647000.0,243262.0,4.0,2439.3,336.73,0.138,0.0
SHDP11B,Shoppings,1210.05,0.0639,0.0653,0.88,1776100000.0,0.0,1.0,13347.6,1076.09,0.0806,0.0
SHPH11,Shoppings,799.96,0.0535,0.0557,0.9,487136000.0,151549.0,1.0,14179.7,940.47,0.0663,0.1047
SNCI11,Títulos e Val. Mob.,100.96,0.050300000000000004,0.1341,1.03,373279000.0,1792540.0,0.0,0.0,0.0,0.0,0.0
SNCR11,Híbrido,97.8,0.1204,0.0,0.95,176767000.0,0.0,0.0,0.0,0.0,0.0,0.0
SNFF11,Títulos e Val. Mob.,88.2,0.0728,0.09630000000000001,0.98,220500000.0,520709.0,0.0,0.0,0.0,0.0,0.0
SOLR11,Híbrido,1128.06,0.11199999999999999,0.0857,1.12,70935800.0,48.0,1.0,8757.13,1141.51,0.1304,0.0
SPTW11,Lajes Corporativas,42.76,0.18960000000000002,0.16010000000000002,0.81,76882500.0,170135.0,1.0,5385.17,1148.86,0.2133,0.0
SRVD11,Títulos e Val. Mob.,7.16,0.0786,0.0408,9.61,689408000.0,130.0,0.0,0.0,0.0,0.0,0.0
STRX11,Híbrido,15816.0,0.0008,0.0006,112.44,25520000000.0,0.0,2.0,383153.0,322.7,0.0008,0.0789
TBOF11,Lajes Corporativas,101.5,-0.0011,0.0102,486.34,1020080000.0,0.0,1.0,0.0,0.0,0.0,0.1537
TEPP11,Lajes Corporativas,83.49,0.07,0.0696,0.93,352492000.0,759321.0,5.0,10932.3,814.37,0.0745,0.08349999999999999
TGAR11,Híbrido,127.3,0.051699999999999996,0.13449999999999998,1.04,1439710000.0,3623020.0,5.0,79.76,1.09,0.0137,0.0
THRA11,Lajes Corporativas,138.5,0.0296,0.0,14.52,203973000.0,0.0,0.0,0.0,0.0,0.0,0.0
TORD11,Híbrido,8.05,0.061,0.1459,0.57,282163000.0,799089.0,0.0,0.0,0.0,0.0,0.0
TOUR11,Residencial,8.8,0.0,10.425999999999998,0.0,0.0,0.0,3.0,0.0,0.0,0.0,0.0
TRNT11,Lajes Corporativas,112.34,0.0436,0.0414,0.55,442121000.0,10323.0,1.0,7004.76,556.89,0.0795,0.5036999999999999
TRXB11,Híbrido,118.0,0.0766,0.09449999999999999,1.02,322200000.0,1684400.0,12.0,3390.23,430.36,0.12689999999999999,0.0
TRXF11,Híbrido,112.0,0.0785,0.08839999999999999,1.08,811418000.0,2938560.0,27.0,2721.97,265.18,0.0974,0.0
TRXL11,Híbrido,103.38,0.0381,0.0,1.06,1729440000.0,0.0,9.0,4622.53,214.79,0.04650000000000001,0.0625
TSER11,Lajes Corporativas,103.0,0.106,0.10339999999999999,1.11,124115000.0,321633.0,1.0,2779.37,164.56,0.0592,0.0
UBSR11,Títulos e Val. Mob.,102.5,0.1272,0.0,1.07,2710270000.0,0.0,0.0,0.0,0.0,0.0,0.0
URPR11,Outros,102.98,0.0432,0.19269999999999998,1.03,1015200000.0,4726700.0,0.0,0.0,0.0,0.0,0.0
VCJR11,Títulos e Val. Mob.,92.77,0.0977,0.1605,0.99,1365940000.0,1700110.0,0.0,0.0,0.0,0.0,0.0
VCRA11,Títulos e Val. Mob.,111.7,0.0292,0.0245,1.1,219390000.0,178582.0,0.0,0.0,0.0,0.0,0.0
VCRI11,Títulos e Val. Mob.,8.98,0.0684,0.0625,0.92,159604000.0,482485.0,0.0,0.0,0.0,0.0,0.0
VCRR11,Residencial,82.41,0.10439999999999999,0.0967,0.69,164820000.0,93063.0,4.0,2621.78,216.23,0.0825,0.0
VERE11,Outros,257.0,0.1328,0.1456,0.77,141372000.0,0.0,4.0,904.84,160.63,0.1775,0.16519999999999999
VGHF11,Híbrido,9.87,0.0512,0.16829999999999998,1.07,719417000.0,3085150.0,0.0,0.0,0.0,0.0,0.0
VGIA11,Títulos e Val. Mob.,10.32,0.0426,0.0745,1.08,364373000.0,2363410.0,0.0,0.0,0.0,0.0,0.0
VGIP11,Títulos e Val. Mob.,91.57,0.0895,0.17350000000000002,1.0,1079360000.0,3288450.0,0.0,0.0,0.0,0.0,0.0
VGIR11,Títulos e Val. Mob.,10.05,0.6071,0.11960000000000001,0.1,76086200.0,3174260.0,0.0,0.0,0.0,0.0,0.0
VIFI11,Títulos e Val. Mob.,7.52,0.29719999999999996,0.0992,0.86,60830700.0,194622.0,0.0,0.0,0.0,0.0,0.0
VILG11,Logística,108.26,0.068,0.0758,0.95,1623620000.0,2260890.0,16.0,2762.05,228.62,0.0828,0.0
VINO11,Lajes Corporativas,49.99,0.08929999999999999,0.0981,0.93,828097000.0,1554170.0,10.0,13091.8,930.99,0.0711,0.0039000000000000003
VISC11,Shoppings,110.85,0.0707,0.0733,0.97,1961630000.0,2502350.0,19.0,3324.7,251.91,0.0758,0.07400000000000001
VIUR11,Outros,8.18,0.11560000000000001,0.1025,0.86,220420000.0,368104.0,6.0,3128.27,288.55,0.0922,0.0
VLOL11,Lajes Corporativas,105.75,0.0611,0.061200000000000004,1.02,188746000.0,348131.0,1.0,17992.2,1239.07,0.0689,0.0
VOTS11,Títulos e Val. Mob.,88.11,0.1691,0.134,0.93,72947400.0,5940.0,0.0,0.0,0.0,0.0,0.0
VRTA11,Títulos e Val. Mob.,93.15,0.1304,0.1508,0.99,1225160000.0,2420020.0,0.0,0.0,0.0,0.0,0.0
VSEC11,Títulos e Val. Mob.,50.0,0.0152,0.0906,0.51,3136750.0,873.0,0.0,0.0,0.0,0.0,0.0
VSHO11,Shoppings,79.59,0.09300000000000001,0.09849999999999999,0.81,167043000.0,55068.0,3.0,2195.78,362.35,0.165,0.0784
VSLH11,Outros,8.85,0.096,0.1629,0.85,264297000.0,858517.0,0.0,0.0,0.0,0.0,0.0
VTLT11,Logística,94.97,0.1027,0.10060000000000001,0.92,200862000.0,266631.0,1.0,784.92,91.33,0.1164,0.0
VVPR11,Híbrido,99.45,0.09179999999999999,0.09140000000000001,1.01,229309000.0,63762.0,6.0,5220.77,526.7,0.1009,0.0
VXXV11,Outros,910.0,-0.0027,0.0,1.12,240422000.0,506957.0,0.0,0.0,0.0,0.0,0.0
WHGR11,Outros,9.64,0.013600000000000001,0.0338,0.97,241863000.0,626702.0,0.0,0.0,0.0,0.0,0.0
WPLZ11,Shoppings,85.0,0.0393,0.045899999999999996,0.83,86763500.0,13287.0,1.0,2307.66,104.18,0.0451,0.1162
WTSP11B,Híbrido,38.0,0.1264,0.0584,0.46,37717500.0,141.0,1.0,2860.64,403.71,0.1411,0.0644
XPCA11,Títulos e Val. Mob.,10.69,0.050300000000000004,0.0645,1.13,189074000.0,986122.0,0.0,0.0,0.0,0.0,0.0
XPCI11,Títulos e Val. Mob.,92.77,0.062400000000000004,0.1348,0.96,807243000.0,2681780.0,0.0,0.0,0.0,0.0,0.0
XPCM11,Lajes Corporativas,14.21,0.1528,0.13720000000000002,0.27,34311000.0,87911.0,1.0,1507.61,0.0,0.0,1.0
XPHT11,Hotel,112.9,0.0038,0.018500000000000003,1.2,429544000.0,493434.0,11.0,21080.3,172.14,0.008199999999999999,0.5874
XPIN11,Outros,86.02,0.075,0.0858,0.79,615079000.0,550811.0,100.0,2257.75,182.21,0.08070000000000001,0.0
XPLG11,Logística,106.58,0.0699,0.07429999999999999,0.94,2888430000.0,4157800.0,16.0,2158.35,176.2,0.0816,0.0819
XPML11,Shoppings,106.1,0.07339999999999999,0.07200000000000001,1.07,1982120000.0,3667880.0,10.0,5779.71,392.74,0.068,0.04190000000000001
XPPR11,Outros,48.89,0.1193,0.1106,0.64,357688000.0,902979.0,6.0,7717.12,572.21,0.0741,0.34729999999999994
XPSF11,Títulos e Val. Mob.,7.71,0.0859,0.1067,0.91,333859000.0,684931.0,0.0,0.0,0.0,0.0,0.0
XTED11,Lajes Corporativas,6.98,-0.0395,0.0,0.51,13718700.0,13269.0,1.0,1836.89,0.0,0.0,0.0
YCHY11,Híbrido,1000.0,0.010700000000000001,0.0,9.98,3708170000.0,0.0,9.0,3806.19,21.81,0.005699999999999999,0.0
YUFI11,Residencial,100.0,0.059500000000000004,0.0174,0.95,39515000.0,33.0,31.0,7656.98,712.17,0.09300000000000001,0.0
ZIFI11,Híbrido,1359.0,-0.0138,0.006,1.13,33621700.0,537.0,0.0,0.0,0.0,0.0,0.0
